,Accuracy_Avg,Accuracy_Std,Precision_Avg,Precision_Std,Recall_Avg,Recall_Std,F1-score_Avg,F1-score_Std,EvalTime_Avg,EvalTime_Std,F1_Black_Avg,F1_Blue_Avg,F1_Green_Avg,F1_TTR_Avg,F1_Black_Std,F1_Blue_Std,F1_Green_Std,F1_TTR_Std
Attention Only,0.8722263588979896,0.007186080933101887,0.8718659776336841,0.009095955217021882,0.8665733081533672,0.007149760858744805,0.8689887794065498,0.00773382761587156,73.3629665851593,1.9253335508802276,0.7886740394326128,0.8872676272917817,0.9137122980729842,0.8863011528288206,0.012579656444976123,0.00602714438245974,0.007411901648715056,0.010184027827620477
Gated Only,0.8681310498883098,0.005488880861945509,0.8675589423556254,0.00632707514875629,0.8632259864615472,0.005219990979359286,0.8646149819607057,0.005218914015419117,71.85302238464355,0.7391232976725977,0.786923121345368,0.8846472685604349,0.9115513027499522,0.8753382351870673,0.0071521377850871206,0.003718504269310992,0.004118641007206022,0.0069500981931959116
Simple Concat,0.8801191362620997,0.004244882446385491,0.8796382023420584,0.006466371416155771,0.8757214422934091,0.0061309228791289055,0.8773194162878154,0.004749125189412144,73.52466335296631,1.216910707756239,0.8053314189093331,0.8915699470464652,0.918991604496686,0.8933846946987763,0.006475818496484221,0.002984458719301803,0.007942905140925695,0.008988629551194066
Transformer Fusion,0.8642591213700669,0.004446462733234122,0.8610619964776797,0.007681381782445567,0.8608517035326548,0.005245358230883113,0.8604619658753092,0.005229457346555183,71.6359323501587,0.6194747004349755,0.774387182689577,0.8818394637219589,0.9068946604839093,0.878726556605792,0.0073542080396840825,0.004290517138114279,0.010889763174419441,0.011031807133060447
Gated Attention,0.8684288905435592,0.006587094729589412,0.8670507427719691,0.007553573106395674,0.8602377089280875,0.00908470371895978,0.8629967503477636,0.008635891593450625,74.55875616073608,1.9800561068887805,0.7792699157786712,0.8872955317474853,0.9106782125618761,0.8747433413030217,0.018490843361186674,0.003052815758517158,0.010111105765429835,0.007058056134678174
